Antonio;0.020255577
José;0.018558848
Manuel;0.017443977
Francisco;0.015107846
Juan;0.010451432
David;0.009531853
José Antonio;0.008648015
José Luis;0.008337209
Javier;0.008053451
Jesús;0.007883004
Francisco Javier;0.007818463
Carlos;0.007533683
Daniel;0.007478912
Miguel;0.007031436
Rafael;0.006778092
José Manuel;0.006722998
Pedro;0.006636118
Alejandro;0.006484134
Ángel;0.006281873
Miguel Ángel;0.006179653
José María;0.006018328
Fernando;0.00580253
Luis;0.005688144
Pablo;0.005354381
Sergio;0.005311882
Jorge;0.005043655
Alberto;0.004854636
Juan Carlos;0.004396635
Juan José;0.004293823
Diego;0.003825838
Alvaro;0.003752469
Enrique;0.003744476
Juan Antonio;0.003742538
Ramón;0.003739658
Vicente;0.003668335
Raúl;0.003659561
Adrián;0.003643575
Ivan;0.003403902
Joaquín;0.003329619
Andrés;0.003318261
Rubén;0.003272857
Oscar;0.003257354
Juan Manuel;0.003132096
Santiago;0.003105988
Eduardo;0.002990957
Víctor;0.00276781
Roberto;0.002660234
Jaime;0.002644355
Francisco José;0.00258299
Ignacio;0.002485856
Alfonso;0.002451622
Salvador;0.00239642
Mario;0.002351608
Ricardo;0.002349724
Jordi;0.002245216
Emilio;0.002194564
Marcos;0.002164284
Julián;0.002036119
Julio;0.001990553
Tomas;0.00191479
Agustín;0.001882922
Guillermo;0.001876598
Gabriel;0.001851514
José Miguel;0.00177855
Félix;0.001711452
José Ramón;0.001664109
Mohamed;0.001622151
Gonzalo;0.001608774
Marc;0.001588104
Joan;0.001539308
Ismael;0.001434369
Cristian;0.00140681
Mariano;0.001398277
Domingo;0.001382317
Josep;0.00138003
Nicolás;0.001342726
Hugo;0.001311425
Juan Francisco;0.001308519
Alfredo;0.001280097
Samuel;0.001268954
Sebastián;0.001267339
José Carlos;0.001239053
Felipe;0.001213753
Aitor;0.001195182
Martin;0.001190231
Cesar;0.001149616
José Ángel;0.001109164
José Ignacio;0.001093527
Héctor;0.001089759
Víctor Manuel;0.001068632
Gregorio;0.001059346
Luis Miguel;0.00101055
José Francisco;0.000958767
Juan Luis;0.000948002
Iker;0.000937182
Lorenzo;0.000933549
Albert;0.000918423
Xavier;0.000909298
Esteban;0.000898103
Cristóbal;0.000895626
Rodrigo;0.000870139
Alex;0.00086882
Eugenio;0.000858807
Antonio José;0.000837088
Arturo;0.000817172
Borja;0.000792437
Lucas;0.000757394
José Javier;0.000755699
Valentín;0.000750128
Juan Miguel;0.000738178
Jesús María;0.000737128
Jaume;0.000726686
Antonio Jesús;0.000712125
German;0.00070292
Francisco Manuel;0.000700928
Pau;0.000681927
Jonathan;0.00067458
Pedro José;0.000665401
Isaac;0.00066446
José Vicente;0.00066193
Adolfo;0.000649899
Mohammed;0.000643009
Benito;0.000626914
Moisés;0.000622527
Juan Ramón;0.000618948
Abel;0.000616202
Aarón;0.000614346
Isidro;0.000612515
Juan Pedro;0.000601346
Ahmed;0.00060078
Christian;0.000587297
Bernardo;0.000585089
Ernesto;0.000581429
Sergi;0.000579761
Mikel;0.000576584
Gerardo;0.000574512
Manuel Jesús;0.000571067
Asier;0.000564393
Carmelo;0.000558148
Iñigo;0.000556237
Pascual;0.000552066
Joel;0.000541704
Federico;0.000537451
Eric;0.000532634
Miquel;0.000525851
Antonio Manuel;0.000524075
Mateo;0.000516269
Francesc;0.000511183
Israel;0.000506258
Bartolomé;0.00050335
Marcelino;0.000503055
Jon;0.000492128
Unai;0.000488305
Gerard;0.000484888
Eloy;0.000480393
Jesús Manuel;0.00047318
José Alberto;0.000472857
Omar;0.000469654
Fermín;0.000464702
Oriol;0.000464056
Luis Alberto;0.000463948
Jonatán;0.000459938
Juan Jesús;0.000457112
Aurelio;0.000451649
Benjamín;0.000450949
Darío;0.000446454
Pere;0.0004464
Pol;0.000437976
Lluís;0.000430924
Iñaki;0.000430602
Josep María;0.000428448
Antoni;0.000426753
Arnau;0.000424411
Eusebio;0.000420724
Pedro Antonio;0.000414076
Jacinto;0.000413188
Carles;0.000411977
Elías;0.000410308
Victoriano;0.000401669
Carlos Alberto;0.000401373
José Enrique;0.000398842
Marco Antonio;0.000397201
Roger;0.000396582
Bruno;0.000394644
Juan Pablo;0.000394644
Matías;0.000392599
Ángel Luis;0.000391037
Kevin;0.000389746
Jerónimo;0.00038875
Adrià;0.000382344
Juan Ignacio;0.00038221
Izan;0.00037828
Isidoro;0.000372386
Teodoro;0.000369506
Dionisio;0.000365011
Francisco Jesús;0.000361513
Román;0.000357718
Cándido;0.000357448
Florencio;0.000356964
Blas;0.000353277
Justo;0.000352093
José Juan;0.000351473
Gustavo;0.000351124
Alonso;0.000346333
Alexander;0.000345068
Manuel Ángel;0.000344825
Juan Bautista;0.000344207
Santos;0.000343991
Said;0.000343211
Luis Fernando;0.000340708
Guillem;0.000339793
Armando;0.00033877
Marco;0.000336617
Damián;0.000334679
Luis Manuel;0.000332795
Ginés;0.000327654
Ander;0.000326659
Xabier;0.000324424
Carlos Javier;0.000324371
Enric;0.000323402
Gorka;0.00032316
Emiliano;0.00032176
Ferrán;0.000321007
Ion;0.000320656
Pedro Luis;0.00032028
Faustino;0.00031304
Serafín;0.00031269
Gheorghe;0.000311802
Rachid;0.000311506
Juan María;0.000307711
Vasile;0.000307254
José Joaquín;0.000306768
Abraham;0.000304186
Saúl;0.000302758
Ioan;0.000302032
Leonardo;0.000298318
José David;0.000294981
Eduard;0.000293661
Martí;0.000292532
Fidel;0.000287902
Máximo;0.000287552
Ramiro;0.000283407
Amador;0.000281685
Rogelio;0.000274337
Youssef;0.000273046
Julio Cesar;0.000272587
Luis María;0.000271404
Adam;0.000271377
Luis Antonio;0.000270784
Claudio;0.000270731
José Andrés;0.0002689
Luciano;0.00026882
Francisco Antonio;0.000267474
Emilio José;0.000266452
Jesús Ángel;0.000266155
Florentino;0.000259938
Mustapha;0.000259077
Aleix;0.000258377
Modesto;0.000258108
Luis Ángel;0.000257085
Alí;0.00025434
Simón;0.00025286
Yeray;0.000252671
Manuel Antonio;0.000250975
Joaquim;0.000249065
Edgar;0.000248204
Julen;0.000244247
Ildefonso;0.000243951
Paulino;0.000243924
Jairo;0.000241986
Avelino;0.000239133
Pedro Manuel;0.000237896
Celestino;0.000237249
Alexandre;0.000236711
Saturnino;0.000236657
Igor;0.000235689
Constantino;0.0002355
Francisco Miguel;0.000235392
Juan Dios;0.000234773
José Fernando;0.000233401
Eladio;0.000232835
Constantín;0.000231786
Eneko;0.000230897
Erik;0.000227318
Ezequiel;0.000226538
Oliver;0.000226161
Rufino;0.000225972
Jacobo;0.000225245
Juan Vicente;0.000223308
Leandro;0.00022285
Hassan;0.000221559
Carlos Manuel;0.000220051
Manuel José;0.00021989
Robert;0.000215368
Jan;0.000214937
Andreu;0.000214588
Alexis;0.00021378
Antonio Luis;0.000211573
Antonio Miguel;0.000209904
Juan Andrés;0.000209232
Juan Diego;0.000208559
José Daniel;0.00020837
Pedro María;0.000208236
Antonio Javier;0.000208128
Luis Javier;0.00020549
Jorge Luis;0.000204791
Luis Carlos;0.000202045
Gaspar;0.000201696
Clemente;0.000201292
Marian;0.00020105
Feliciano;0.000199946
Cayetano;0.000198869
Pedro Jesús;0.000198359
Basilio;0.000197416
Nicolae;0.000196339
Hilario;0.000194429
Raimundo;0.000192599
Juan Ángel;0.000192195
Muhammad;0.000189799
Néstor;0.000188265
Josué;0.000187943
Ángel Manuel;0.000187619
Florín;0.000186328
Evaristo;0.000186166
Fabián;0.000186112
Khalid;0.000184175
Francesc Xavier;0.00018054
Manel;0.000180084
Marcelo;0.000178522
Marcial;0.000178307
Imanol;0.000177931
Benigno;0.000177123
Laureano;0.000176234
Ricard;0.000176235
Eliseo;0.000175804
Abdelkader;0.000173543
Narciso;0.000173005
Segundo;0.000172898
Cecilio;0.000170017
Abdellah;0.000169641
Bernardino;0.000168914
Juan Alberto;0.000166653
Andoni;0.000166276
Patricio;0.000165927
Jesús Antonio;0.000164312
Ángel María;0.000164069
Valeriano;0.000162616
Demetrio;0.000161163
Leopoldo;0.000160866
Michael;0.000160383
Josu;0.000159547
Fernando José;0.00015901
Joseba;0.000158686
Luis Enrique;0.000157691
Roberto Carlos;0.00015726
Cesáreo;0.000156561
Yago;0.000155376
Aritz;0.000154865
Hicham;0.000153869
Camilo;0.00015333
Anastasio;0.000152766
Marcel;0.000152361
Pedro Pablo;0.000151662
Mauricio;0.000151205
Iago;0.000151096
Cipriano;0.000150263
Mihai;0.000148997
Lucio;0.000148648
Mauro;0.000148055
Brahim;0.000147975
Ibai;0.000147356
Antonio Francisco;0.000146978
Francisco Luis;0.000146576
Abdelaziz;0.000145902
Nil;0.000145418
Ian;0.000145364
Biel;0.000143453
Stefan;0.000143103
Bienvenido;0.000141973
Rodolfo;0.000141569
Anselmo;0.000141085
Octavio;0.000140465
Bernat;0.000140439
Alexandru;0.00014025
Baltasar;0.000139335
Teófilo;0.000139093
Eulogio;0.000138448
Amadeo;0.000137666
Brian;0.000137667
Casimiro;0.000137182
Bernabé;0.000136832
Brais;0.000136751
Pedro Miguel;0.000136509
Pedro Javier;0.000136214
Placido;0.000135109
Lázaro;0.00013398
Marius;0.000132176
Fulgencio;0.000130534
Celso;0.000129807
Bilal;0.000129377
José Félix;0.000129135
José Pedro;0.000129054
Hamid;0.000128866
Carlos José;0.000128838
Oier;0.000128354
Baldomero;0.000128005
Paul;0.000128004
Roque;0.000127977
Herminio;0.000127386
Dumitru;0.000127089
Maximino;0.000126766
Abderrahim;0.000126067
Antón;0.000125635
Fabio;0.000125582
Alan;0.000125394
José Gabriel;0.000124936
Hamza;0.000124425
Aimar;0.000123698
Didac;0.000123106
Francisco Borja;0.000122998
Jesús Miguel;0.000122971
Manuel Alejandro;0.000122218
Manuel Francisco;0.000122218
Luis Francisco;0.000121975
José Rafael;0.00012063
Abdeslam;0.000120522
Ionel;0.000120253
Aquilino;0.000120092
Bonifacio;0.000119768
Gumersindo;0.000118719
Markel;0.000118719
Ayoub;0.000117858
Victorino;0.000117534
José Domingo;0.000116916
Ignasi;0.000115785
Juan Enrique;0.000115409
Francisco Asís;0.00011522
Juan David;0.00011495
Marino;0.000114924
Karim;0.000114601
Hipólito;0.000114548
Driss;0.000114224
Vidal;0.000113686
Eleuterio;0.000113336
Norberto;0.000113147
Adán;0.000113094
Jesús Javier;0.000112179
Orlando;0.000111317
Melchor;0.000111076
Jorge Juan;0.00011094
Arsenio;0.000109999
Rosendo;0.000109756
Alberto José;0.000109353
Luis Alfonso;0.000108545
Virgilio;0.000108142
Higinio;0.000107738
Jamal;0.000107522
Peter;0.00010728
Pablo José;0.000107254
Vicente José;0.000107173
Noel;0.000107118
Alain;0.000106231
Pelayo;0.000106042
Víctor José;0.000105881
Mamadou;0.000105477
Carlos Enrique;0.000104858
Juan Fernando;0.000104697
Urbano;0.000104642
Severino;0.000104374
Aníbal;0.000104158
José Pablo;0.000104132
Juan Gabriel;0.000103781
Viorel;0.000103162
Antonio María;0.000102571
José Alejandro;0.000102032
Augusto;0.00010187
Aziz;0.000101333
John;0.000101251
Ceferino;0.000100794
José Tomas;0.000100606
Ibrahim;0.000100444
Venancio;0.000099798
Denis;0.000099394
José Jesús;0.000099287
Marcos Antonio;0.000098937
Inocencio;0.000098398
Carlos Antonio;0.000098318
Vicent;0.000097699
Maximiliano;0.000097645
Bautista;0.000097322
Gustavo Adolfo;0.000097322
Abelardo;0.000096972
Ibón;0.00009603
José Emilio;0.000095546
José Alfonso;0.000095384
Primitivo;0.000095385
Yassine;0.000095384
Eloi;0.000094711
Samir;0.000093473
Leo;0.000093447
Luis Eduardo;0.000093392
Miguel Antonio;0.000093258
Eduardo José;0.000093016
Isaías;0.000092747
José Eduardo;0.000092531
Pedro Ángel;0.000092262
Iban;0.000092235
Gaizka;0.00009124
Richard;0.000091105
Jorge Manuel;0.000090566
Beñat;0.000090459
Genaro;0.000090109
Pedro Juan;0.000090055
Francisco Ramón;0.000090028
Luca;0.000089786
Agapito;0.000089571
José Benito;0.000089463
Antonio David;0.000088925
Ángel José;0.000088575
Moussa;0.000088494
Braulio;0.000088306
Rayan;0.000088305
José Julián;0.000088252
Nemesio;0.000088118
Enrique José;0.000087794
Prudencio;0.00008766
Manuel María;0.00008731
Leoncio;0.000087229
Noureddine;0.000087041
Alejandro José;0.000086879
Conrado;0.000086664
Víctor Hugo;0.000086314
Secundino;0.000086018
Nabil;0.000085695
José Raúl;0.000085615
Mimoun;0.000085587
Anas;0.00008548
Jesús Alberto;0.000085318
Mohammad;0.000084914
Luis Felipe;0.000084807
Ionut;0.000084753
Delfín;0.000084619
Adil;0.000084188
José Agustín;0.000084053
Andrei;0.000083784
Alejo;0.00008365
José Ricardo;0.00008338
Fausto;0.000082869
Juan Rafael;0.000082762
George;0.000081873
Noé;0.000081846
Jorge Antonio;0.000081066
Arkaitz;0.000080689
Ovidio;0.000080689
Carlos Andrés;0.00008042
Ambrosio;0.000080285
Ismail;0.000080259
Juan Cruz;0.000080231
Indalecio;0.000079855
Fernando Javier;0.0000798
Agustí;0.000079667
Aniceto;0.000079531
Ángel Antonio;0.000079236
Gabino;0.000079128
Jon Ander;0.000078832
Diego José;0.000078778
Humberto;0.000078051
Carlos Jesús;0.000077863
Luis José;0.000077325
María Carmen;0.018241878
María;0.017773785
Carmen;0.011825784
Josefa;0.008585116
Isabel;0.007856789
Ana María;0.007557502
María Dolores;0.007298721
María Pilar;0.007289813
María Teresa;0.007040694
Ana;0.006999327
Laura;0.00673371
Francisca;0.006517454
Antonia;0.006327923
María Ángeles;0.00627501
Cristina;0.006216795
Dolores;0.006205625
Marta;0.005835338
María Isabel;0.005572897
María José;0.005561862
Lucia;0.004767219
María Luisa;0.004641905
Pilar;0.004588238
Concepción;0.004492343
Elena;0.00431845
Manuela;0.004190364
Mercedes;0.004187216
Sara;0.004097779
Rosa María;0.004014776
Raquel;0.003995909
Paula;0.003940197
María Jesús;0.003886879
Juana;0.003711048
Teresa;0.003698372
Rosario;0.00369568
Beatriz;0.003375454
Encarnación;0.003368053
Nuria;0.003242874
Silvia;0.003225541
Rosa;0.003221424
Montserrat;0.003122918
Julia;0.003099286
Patricia;0.003037465
Irene;0.002903539
Mónica;0.002798789
Andrea;0.002781402
Roció;0.00274671
Ángela;0.002702516
María Mar;0.002694631
Margarita;0.002649737
Sonia;0.002648177
Sandra;0.002623899
Alba;0.00261413
Alicia;0.002608774
Susana;0.002608397
Yolanda;0.00252028
Marina;0.00250502
María Josefa;0.002503512
Natalia;0.002385789
María Rosario;0.002228099
Inmaculada;0.002191145
Ángeles;0.002117857
Esther;0.002107846
María Mercedes;0.002079935
Eva;0.002067366
Ana Isabel;0.002058028
Verónica;0.001937801
Noelia;0.001925824
Amparo;0.001876113
Claudia;0.001792034
María Rosa;0.001783959
María Victoria;0.001743776
Carolina;0.001720495
María Concepción;0.001709972
Eva María;0.001693311
Catalina;0.001654798
Lorena;0.001651594
Victoria;0.001645782
Consuelo;0.00163951
Ana Belén;0.001636253
María Elena;0.001616552
María Antonia;0.001614992
Nerea;0.001594832
Miriam;0.001587916
Inés;0.001547382
Carla;0.001515489
Emilia;0.001512583
Luisa;0.001491427
María Nieves;0.001454529
Sofía;0.001448365
Lidia;0.001431328
Gloria;0.001410954
Aurora;0.001373893
Esperanza;0.001357072
Josefina;0.001347032
Olga;0.001344368
Milagros;0.001333441
Celia;0.001314817
María Soledad;0.001287686
María Cristina;0.001254879
Purificación;0.001247288
Virginia;0.001229821
María Luz;0.001221962
Fátima;0.001206029
Lourdes;0.001169263
Alejandra;0.001168565
Vanesa;0.001146171
Clara;0.001136509
Anna;0.001129135
Begoña;0.001088871
Magdalena;0.001087283
Ainhoa;0.001078912
Vicenta;0.001058512
Asunción;0.001054394
Daniela;0.001050491
Isabel María;0.001040748
Matilde;0.001039268
María Belén;0.001038299
Estefanía;0.001032593
Elisa;0.001028529
Remedios;0.001007429
Araceli;0.001003202
María Asunción;0.001001481
Trinidad;0.000988938
María Begoña;0.00098482
María Paz;0.000983098
Elvira;0.000971363
Blanca;0.000959844
Soledad;0.00095368
Natividad;0.000951932
Gema;0.000949885
Belén;0.000936133
María Lourdes;0.0009276
María Esther;0.000924317
Ascensión;0.00089019
Tamara;0.000888548
Felisa;0.000885776
Vanessa;0.000875386
Adriana;0.000874284
María Cruz;0.000853694
Nieves;0.000845
Paloma;0.000843682
Gemma;0.00084309
Rafaela;0.000829067
Rebeca;0.000825004
Almudena;0.000818571
Adela;0.000801668
María Inmaculada;0.000778442
Mireia;0.000768833
María Amparo;0.000765254
Noemí;0.000764204
Amalia;0.000750639
María Eugenia;0.000749805
Martina;0.000742188
Ramona;0.000741892
Amelia;0.000734356
Tania;0.000732526
Jessica;0.000708922
Laia;0.000696864
Joaquina;0.0006949
Juana María;0.000688952
Leonor;0.000664567
Petra;0.000655013
Carmen María;0.000650976
Diana;0.000647745
María Rocío;0.00064737
Mariana;0.000635419
Juliana;0.000621989
Guadalupe;0.000613403
Bárbara;0.000612892
Agustina;0.000598573
Leticia;0.000585601
Ariadna;0.000582856
Cecilia;0.000580056
Rosalía;0.0005768
Elisabet;0.000565846
Carlota;0.00056372
Adoración;0.00054566
María Encarnación;0.000544987
María Magdalena;0.00053947
Judith;0.000528165
Jennifer;0.000527789
María Francisca;0.000522218
Estrella;0.000519957
Ester;0.000519472
Leire;0.000513848
Aitana;0.000510375
Sheila;0.000508465
Emma;0.000507038
Judit;0.000491885
Lara;0.000484107
Valentina;0.000483515
Gabriela;0.000480743
Eugenia;0.000469897
María Gloria;0.000468335
Ainara;0.000468093
Soraya;0.000467959
Ruth;0.000467527
María Milagros;0.000464998
Berta;0.000462684
María Consuelo;0.000461337
María Montserrat;0.000460396
Alexandra;0.000459427
María Yolanda;0.000454447
Aroa;0.000450734
Eulalia;0.000444866
Herminia;0.000441286
Enriqueta;0.00043262
Aida;0.000422232
Helena;0.000418974
Elisabeth;0.000403768
Gregoria;0.000392733
Nadia;0.000389719
Florentina;0.000389665
Erika;0.000388534
Piedad;0.00038291
María Reyes;0.000381563
María Remedios;0.000377204
Aurelia;0.000376665
Valeria;0.000370583
Macarena;0.000367326
Estela;0.000366115
Naiara;0.000363262
María Aránzazu;0.000359063
Noa;0.000355807
Cándida;0.00035578
Candela;0.000355726
María Trinidad;0.000353358
Tatiana;0.000346467
Aránzazu;0.000344287
Paola;0.000343292
Mirian;0.000343238
María Esperanza;0.00034313
Amaia;0.000337128
Yaiza;0.000332015
Saray;0.000324936
Itziar;0.000322352
Maite;0.000320038
Joana;0.000318934
Sagrario;0.000315812
Elsa;0.000315597
Amanda;0.000313901
Mar;0.000311667
Mercé;0.000311049
Caridad;0.000309595
Rita;0.000304615
África;0.000303513
Tomasa;0.000302516
Ana Rosa;0.00030101
Nora;0.000299744
Teodora;0.000298587
María Carme;0.000292773
Aina;0.000291374
Felicidad;0.000291374
Antonia María;0.000290378
Benita;0.000288118
María Sol;0.000287606
Águeda;0.000286448
Meritxell;0.00028513
Adelina;0.000283784
María Manuela;0.000283219
Filomena;0.000282143
Desiree;0.000279801
Consolación;0.000278239
María Julia;0.000278186
María Inés;0.000275037
Elizabeth;0.000274149
Carme;0.000272803
Roser;0.000272346
Hortensia;0.000271565
María Fernanda;0.000270811
Candelaria;0.000267824
María Gracia;0.000264675
Neus;0.000263679
Eloísa;0.00026298
María Ascensión;0.00026158
Adelaida;0.000261472
Esmeralda;0.000260638
Lydia;0.000260395
Marcelina;0.000259912
María Candelaria;0.000258
María Dolors;0.000255389
Iris;0.000255363
Khadija;0.000254771
Alba María;0.000252617
Violeta;0.00024928
Ana Cristina;0.0002485
Ane;0.000248338
María Purificación;0.000248149
Flora;0.00024527
Iría;0.000244624
Jimena;0.000243978
Amaya;0.000243413
Visitación;0.000242094
Leyre;0.000241744
Lola;0.000233427
Micaela;0.000233428
Fernanda;0.0002334
María Sagrario;0.000232513
Azucena;0.00023114
María Aurora;0.000227237
María Pino;0.000225945
Monserrat;0.000225919
Anna María;0.000223657
Paulina;0.000223066
Regina;0.000222985
Ángela María;0.000222365
Avelina;0.000220267
Jenifer;0.000217306
Elena María;0.000216552
Gisela;0.000216418
Estibaliz;0.000215906
Anabel;0.000215287
María Blanca;0.000215153
Fuensanta;0.000213726
Florencia;0.000211923
Virtudes;0.000209313
Dolors;0.000208155
María Socorro;0.000207966
María Auxiliadora;0.000206056
Salvadora;0.000205733
Delfina;0.00020506
Luisa María;0.000203902
Sebastiana;0.000202261
Rosa Ana;0.000201992
Felipa;0.000201587
Elia;0.000200889
Delia;0.000200511
María Valle;0.000199516
Jesusa;0.000199138
Irina;0.000198305
Genoveva;0.00019782
Yásmina;0.000196931
Justa;0.000196636
María Paloma;0.000195882
María Guadalupe;0.000195452
Marta María;0.000195344
Patrocinio;0.000194724
Nazaret;0.000193487
María Lucia;0.000193164
Aicha;0.00019206
Edurne;0.000190365
María Estrella;0.000190257
Olivia;0.000190095
Arantxa;0.000188696
Angélica;0.000187566
María Gema;0.00018665
Alfonsa;0.000186597
Angelina;0.000185843
Naima;0.000185574
Laura María;0.000185009
Marisol;0.000185009
Isidora;0.000184174
Aurea;0.000183959
Zaira;0.000183852
Lorenza;0.000183367
Palmira;0.000183313
María Elisa;0.00018299
Mihaela;0.000182506
Liliana;0.000182425
Irati;0.000182263
María Desamparados;0.000181994
Sabina;0.000181941
María Angels;0.000181537
Nayara;0.000180971
Inmaculada Concepción;0.000179868
Obdulia;0.000178953
Ainoa;0.000178819
Luz María;0.000178576
Inés María;0.000177177
María Vicenta;0.000176208
María Sonia;0.000176154
Fabiola;0.000176046
Idoia;0.000175777
María Olga;0.000174808
Ingrid;0.000174459
María Cinta;0.000174108
Salma;0.000173301
María Natividad;0.000173193
Jana;0.000172817
Dionisia;0.000171363
Jacinta;0.000170233
María Ángela;0.000170179
Desamparados;0.000170152
Brígida;0.000166599
Mariona;0.000165927
Modesta;0.000165684
Rosana;0.000165254
Rufina;0.000164527
Gracia;0.000164123
Jesica;0.000163747
Izaskun;0.000163073
Samira;0.000162293
Carmen Rosa;0.000161567
Reyes;0.000161162
Coral;0.000161055
Evangelina;0.000159414
María Fátima;0.000158713
María Juana;0.000158498
María Beatriz;0.000158068
Clotilde;0.000157691
Luna;0.000157583
Angustias;0.000157502
Iratxe;0.000157368
Mireya;0.000157045
Otilia;0.00015691
Malika;0.000156614
Bienvenida;0.000156426
Maider;0.000155564
María Araceli;0.000155377
Emiliana;0.000155268
María Angustias;0.00015473
Socorro;0.000154677
Úrsula;0.000154111
Balbina;0.000153976
Georgina;0.000151904
Gertrudis;0.000150882
Dominga;0.000150585
María Piedad;0.000150532
Mariam;0.000150155
Abril;0.000149858
Débora;0.000149401
Yanira;0.000148083
Alexia;0.000147517
Teresa Jesús;0.000146225
Fatiha;0.000145418
Anastasia;0.000145041
Nagore;0.000144557
Josefa María;0.000142457
Sonia María;0.000141865
Davinia;0.000140089
María Alejandra;0.000139927
Feliciana;0.000139524
Aya;0.000138124
Eusebia;0.000137989
Amina;0.000137156
Ignacia;0.000137047
Olga María;0.000136913
Rachida;0.000136617
Azahara;0.000135836
Marcela;0.000135756
Encarna;0.000135729
María Nuria;0.000135674
Victorina;0.000135191
Felicitas;0.000134464
Engracia;0.000132795
María Azucena;0.000132391
Maialen;0.000132284
Inocencia;0.000130749
Iluminada;0.000130454
Karima;0.000130345
Presentación;0.000130266
María Consolación;0.000130157
Sarai;0.000128893
Nicolasa;0.000128569
Cristina María;0.000127628
María Raquel;0.000126739
Myriam;0.000126685
Francesca;0.000126282
Maribel;0.000126147
Faustina;0.000125798
María Elvira;0.000125501
Guillermina;0.000124398
Gloria María;0.000124128
Oliva;0.000123833
Saturnina;0.000123725
María Laura;0.000123671
Salud;0.000122729
Covadonga;0.000122595
Fermina;0.000122137
María Salud;0.000121921
María Prado;0.000121438
Celestina;0.000121248
María Eva;0.000121222
Saida;0.000120442
Érica;0.000120145
María Alicia;0.000119392
Melania;0.000119311
Laila;0.000118207
Miren;0.000117723
Antia;0.000117427
Serafina;0.000117427
María Mercé;0.000117293
Silvia María;0.000117184
Basilisa;0.000116082
Concepción;0.00011592
Sandra María;0.000115892
Naroa;0.000115866
Minerva;0.000115005
María Fe;0.000114816
María Celia;0.00011444
Sacramento;0.000114412
Luz Marina;0.000114305
Uxue;0.000113902
Olatz;0.000113712
Julia María;0.000113686
Mara;0.000113579
Pascuala;0.000113443
Anais;0.000112556
María Almudena;0.000112394
Ioana;0.000112125
Gema María;0.000111398
María Emilia;0.000111264
Nicoleta;0.000110886
Nahia;0.000110833
Victoria Eugenia;0.000110806
Maitane;0.00010973
June;0.000109191
Cintia;0.00010868
Loreto;0.000108572
Bouchra;0.000108492
Sara María;0.000108437
Pastora;0.000108169
Ana Carmen;0.000108141
Eider;0.000107927
Francisca María;0.000107872
María Margarita;0.000107845
Latifa;0.000107738
Alina;0.000107469
Lina;0.000107415
Benedicta;0.000107253
Vera;0.00010685
Hanane;0.000105827
Paula María;0.000105531
Paz;0.000105262
Elisa Isabel;0.000105154
Jacqueline;0.000104912
Iciar;0.000104884
Camila;0.000104186
Naia;0.000103969
Clara Isabel;0.000103728
María Felisa;0.000103701
Graciela;0.000103431
Nicole;0.00010319
Simona;0.000102624
Rut;0.000102382
Maravillas;0.000102086
Bibiana;0.000101547
Jerónima;0.000101279
Encarnación;0.00010109
Clementina;0.000100228
Casilda;0.000100175
Luz;0.000099583
Saioa;0.000099583
Uxia;0.000097726
Celsa;0.000097456
Anunciación;0.00009708
Samara;0.000096757
Xenia;0.000096192
María Adela;0.000095949
Victoriana;0.00009568
Yasmin;0.000095331
María Eulalia;0.000094899
Ofelia;0.000094846
Salome;0.000094819
María Sandra;0.000094577
Souad;0.000094523
Sabrina;0.000094469
Alma;0.000094065
Zaida;0.000093635
Cayetana;0.000093608
María Cecilia;0.0000935
María Susana;0.000093231
Luciana;0.000093178
Hafida;0.000092612
Primitiva;0.00009202
Bernarda;0.000091993
Sarah;0.000091562
Aloína;0.000091024
Oihane;0.000090109
;1
