García;0.049374729
Gonzalez;0.031120748
Rodríguez;0.031050686
Fernández;0.03086875
López;0.029263744
Martínez;0.027998989
Sánchez;0.027393747
Pérez;0.02614918
Gómez;0.016497489
Martín;0.016435488
Jiménez;0.013060232
Ruiz;0.012313465
Hernández;0.011984441
Díaz;0.011347016
Moreno;0.010660585
Alvarez;0.009495009
Muñoz;0.009436175
Romero;0.007337332
Alonso;0.006660596
Gutiérrez;0.006518206
Navarro;0.005956206
Torres;0.005633313
Domínguez;0.005290064
Vázquez;0.004967237
Ramos;0.004833875
Gil;0.004717238
Ramírez;0.004496656
Serrano;0.004417764
Blanco;0.004147643
Molina;0.004040468
Suarez;0.004029273
Morales;0.004004419
Ortega;0.003934957
Delgado;0.003900976
Castro;0.003869592
Ortiz;0.003583845
Rubio;0.00351175
Marín;0.003496959
Sanz;0.003155042
Núñez;0.003016616
Iglesias;0.003009486
Medina;0.002909041
Garrido;0.002862498
Santos;0.002806696
Castillo;0.002787505
Cortes;0.002773047
Lozano;0.002665471
Guerrero;0.00262859
Cano;0.002586947
Prieto;0.00248027
Méndez;0.002416904
Calvo;0.002363999
Cruz;0.002336448
Gallego;0.002334948
Vidal;0.002326319
León;0.002298768
Herrera;0.002289439
Márquez;0.002283909
Peña;0.002281444
Cabrera;0.002260055
Flores;0.002255724
Campos;0.002197455
Vega;0.00216254
Diez;0.00213922
Fuentes;0.002136055
Carrasco;0.002102406
Caballero;0.00202688
Nieto;0.002018485
Reyes;0.001981937
Aguilar;0.001975008
Pascual;0.001959882
Herrero;0.001943492
Santana;0.001918338
Lorenzo;0.001896916
Hidalgo;0.001882291
Montero;0.00187696
Ibáñez;0.001857871
Giménez;0.001857804
Ferrer;0.001841246
Duran;0.001792972
Vicente;0.001765187
Benítez;0.001755925
Santiago;0.001753893
Arias;0.001750828
Mora;0.001750728
Vargas;0.001733105
Carmona;0.001718778
Crespo;0.001670904
Román;0.001628394
Pastor;0.001619598
Soto;0.001605173
Sáez;0.001586316
Velasco;0.001575022
Soler;0.001540908
Moya;0.001538775
Esteban;0.001520418
Parra;0.00151099
Bravo;0.001506792
Gallardo;0.001493966
Rojas;0.001477074
Pardo;0.00146265
Merino;0.001446324
Franco;0.001412776
Espinosa;0.001388356
Lara;0.00138559
Izquierdo;0.001384858
Rivas;0.001376728
Rivera;0.001360404
Silva;0.001352642
Casado;0.001351375
Arroyo;0.00134358
Redondo;0.001343413
Camacho;0.001341148
Vera;0.001334817
Rey;0.00133182
Otero;0.001313662
Luque;0.001310397
Galán;0.001310398
Montes;0.001307032
Ríos;0.001303268
Sierra;0.001301569
Segura;0.001288409
Carrillo;0.001273185
Marcos;0.001262989
Martí;0.001246598
Soriano;0.00123164
Mendoza;0.001224077
Bernal;0.001216948
Robles;0.001214382
Vila;0.00120652
Valero;0.00119346
Palacios;0.001173671
Expósito;0.001172438
Benito;0.001163643
Varela;0.001159511
Andrés;0.001157979
Macías;0.00115758
Pereira;0.001152349
Guerra;0.001152049
Heredia;0.001143886
Bueno;0.001134659
Roldan;0.001127862
Mateo;0.001125696
Villar;0.001114269
Contreras;0.001109139
Miranda;0.001096612
Guillen;0.00108132
Mateos;0.00107589
Escudero;0.001063863
Aguilera;0.001057167
Casas;0.001051036
Menéndez;0.00105037
Aparicio;0.00103841
Rivero;0.001028416
Estévez;0.00101992
Beltrán;0.001018087
Padilla;0.001016888
Calderón;0.001011258
Rico;0.001009725
Gracia;0.001006861
Gálvez;0.001003428
Abad;0.00100073
Conde;0.000994634
Salas;0.000990635
Jurado;0.00098837
Quintana;0.000985172
Plaza;0.00098244
Acosta;0.00097641
Aranda;0.000974544
Blázquez;0.00097078
Bermúdez;0.000964183
Roca;0.000962084
Salazar;0.000955388
Costa;0.000954821
Santamaría;0.000952989
Miguel;0.00095119
Guzmán;0.000948525
Serra;0.000942795
Villanueva;0.000936498
Manzano;0.000929335
Cuesta;0.000928135
Tomas;0.000923372
Hurtado;0.000921339
Rueda;0.000919141
Trujillo;0.000917908
Ávila;0.000910612
Pacheco;0.000907746
Simón;0.000905781
De La Fuente;0.000897353
Pons;0.000891655
Lázaro;0.000889756
Mesa;0.000885792
Sancho;0.000885692
Del Rio;0.00088156
Escobar;0.000871866
Millán;0.00086577
Blasco;0.000861638
Alarcón;0.000861504
Luna;0.000861205
Zamora;0.000853076
Castaño;0.000851311
Salvador;0.000845346
Bermejo;0.00083452
Paredes;0.000833253
Antón;0.000827423
Ballesteros;0.000826423
Valverde;0.000824825
Maldonado;0.00082096
Bautista;0.000803502
Valle;0.000800438
Ponce;0.000797272
Oliva;0.000788511
Rodrigo;0.000788477
Lorente;0.000788411
Cordero;0.000782913
Juan;0.000782148
De La Cruz;0.000775551
Mas;0.000774918
Collado;0.000774351
Murillo;0.000770887
Pozo;0.000768055
Montoya;0.000767721
Cuenca;0.000766456
Cuevas;0.000763058
Martos;0.000760092
Marco;0.000746567
Barroso;0.000745866
Ros;0.000741903
Quesada;0.000741169
De La Torre;0.000740336
Barrera;0.000739471
Ordoñez;0.000734139
Gimeno;0.000728743
Alba;0.000724145
Corral;0.000723579
Puig;0.000720314
Cabello;0.000719347
Pulido;0.000716549
Rojo;0.000713584
Navas;0.000713385
Saiz;0.000712018
Arenas;0.000711785
Aguado;0.000709986
Soria;0.000709919
Domingo;0.000708954
Galindo;0.000703856
Mena;0.000701357
Escribano;0.000701124
Vallejo;0.000700858
Valencia;0.000698858
Asensio;0.000698059
Ramón;0.000695694
Lucas;0.000690963
Caro;0.000690263
Polo;0.000687731
Chen;0.000681568
Aguirre;0.000681002
Naranjo;0.000676804
Amador;0.000676804
Villalba;0.000674871
Mata;0.000674572
Reina;0.000673239
Paz;0.000669341
Moran;0.00066591
Linares;0.00066371
Ojeda;0.00065445
Leal;0.000652316
Burgos;0.000644688
Carretero;0.000638391
Oliver;0.000637825
Bonilla;0.000628296
Sosa;0.000622333
Roig;0.00061587
Aragón;0.000614504
Carrión;0.000610073
Clemente;0.000607308
Villa;0.000605642
Castellano;0.000604076
Córdoba;0.000600078
Carrera;0.000598812
Hernando;0.000598713
Rosa;0.000598312
Andreu;0.000596447
Cáceres;0.000595881
Mohamed;0.000592216
Calero;0.000591882
Cárdenas;0.000585586
Cobo;0.000584887
Correa;0.00058352
Juárez;0.000581389
Velázquez;0.000581155
Alcaraz;0.000580422
Chacón;0.000578923
Ferreira;0.000575858
Sola;0.000575325
Domenech;0.000575224
Zapata;0.000574592
Riera;0.000574526
Saavedra;0.000573692
Toledo;0.00057286
Llorente;0.00057206
Moral;0.000568062
Vela;0.000563864
Salgado;0.000558401
Carbonell;0.000554003
Villegas;0.000551871
Arribas;0.000549605
Alfonso;0.000547473
Sevilla;0.00054714
Ayala;0.000547107
Prado;0.000546807
Requena;0.000546773
Peláez;0.000544042
Barrios;0.000542775
Font;0.000542643
Piñeiro;0.000539311
Olivares;0.000538944
Carballo;0.000538678
Luis;0.000537279
Esteve;0.000533613
Solís;0.000531382
Marques;0.000530416
Pinto;0.00052735
Quintero;0.000526551
Cámara;0.000525052
Salinas;0.000524619
Grau;0.000524186
Pineda;0.000522919
Da Silva;0.00052242
Bosch;0.000521454
Perea;0.000518189
Cid;0.000514857
Castilla;0.000512659
Cantero;0.000511592
Ballester;0.000511059
Marrero;0.000509727
Sanchís;0.000505596
De La Rosa;0.000504096
Palomo;0.000501798
Arévalo;0.000500898
Rincón;0.000497
Casanova;0.000496267
Nicolás;0.000495468
Sala;0.000495001
Baena;0.000494768
Miralles;0.000494469
Lago;0.000492935
Porras;0.000491803
Herranz;0.000490571
Cardona;0.000490403
Belmonte;0.000489338
Palma;0.000487006
Recio;0.000486239
Barba;0.000486239
Arranz;0.000485806
Pino;0.000484974
Muñiz;0.000484473
Ventura;0.000480709
Coll;0.00047831
Barreiro;0.000477544
Cobos;0.000477045
Cabezas;0.000476611
Singh;0.000473479
Cuadrado;0.000471814
Angulo;0.000469015
Cervera;0.000468849
Vélez;0.000468049
Madrid;0.000467816
Vaquero;0.000465317
Puente;0.000462652
Ochoa;0.000460253
Navarrete;0.000459787
Ocaña;0.000457755
Becerra;0.000457621
Pujol;0.000455689
Tapia;0.000455656
Granados;0.00045299
Bello;0.000451758
Alfaro;0.000450858
Vergara;0.000449459
Valls;0.000448593
Peralta;0.000447627
Latorre;0.000444162
Gámez;0.000443662
Losada;0.000441696
Mejías;0.00044163
Campo;0.000439764
Rovira;0.000439531
Castellanos;0.000438265
Corrales;0.000437932
Alcántara;0.000436966
Sastre;0.000436799
Egea;0.0004358
Falcón;0.000433734
Barragán;0.000433534
Estrada;0.000433235
Fraile;0.000431368
Catalán;0.000431103
Godoy;0.000430869
Cebrián;0.000430602
Cerezo;0.00042837
Huertas;0.000427105
Segovia;0.000426904
Ruano;0.000425272
Borrego;0.000423773
Aznar;0.000423673
Barbero;0.00042264
Morcillo;0.000422607
Valenzuela;0.000422407
Ferreiro;0.000421873
Duarte;0.000421608
Solé;0.000421374
Guijarro;0.000420241
Del Valle;0.000419309
Pavón;0.000418842
Arjona;0.000418809
Toro;0.000417176
Carvajal;0.000416976
Fajardo;0.000414711
Ariza;0.000412679
Peinado;0.000412512
Cánovas;0.000409447
Romera;0.000407748
Sainz;0.000407482
Alcaide;0.000407248
Jorge;0.000407215
Melero;0.000406616
Morillo;0.000405682
Agudo;0.000403484
Gordillo;0.000403017
Barrio;0.000402618
Llamas;0.000402384
Tejero;0.000401784
Royo;0.000401752
Real;0.000401185
Galván;0.000400685
Portillo;0.000400552
Lobato;0.000400485
Valdés;0.000400419
Rosales;0.000399352
Gonzalo;0.000398986
Espejo;0.00039882
Tirado;0.000397886
Duque;0.000395755
Criado;0.000395221
Dávila;0.000393889
Chamorro;0.000393656
Freire;0.000393456
Dorado;0.000392889
Grande;0.000389025
Dos Santos;0.000388158
Frías;0.000387093
Moyano;0.000386992
Zambrano;0.000386227
Pizarro;0.000385993
Calleja;0.00038476
Figueroa;0.000384427
Solano;0.000383461
Huerta;0.000383028
Pla;0.000381962
Mosquera;0.000381795
Olmedo;0.000381296
Rosado;0.000381229
De Miguel;0.000380063
Alcázar;0.000377198
Pena;0.000376698
Tena;0.000376298
Alcalde;0.000374966
Ferrero;0.000374199
Sáenz;0.000373999
Paniagua;0.000373867
Alcalá;0.000373733
Avilés;0.000373466
Del Pozo;0.000371468
Vives;0.000369768
Llorens;0.000369469
Lafuente;0.000369335
Pazos;0.000369002
Heras;0.000368269
Noguera;0.00036817
Lin;0.000368136
Bonet;0.000366636
Amaya;0.000366637
Rebollo;0.00036657
Garzón;0.000364671
Chaves;0.000363539
Araujo;0.000362972
Serna;0.000362239
Salcedo;0.000361773
Bartolomé;0.000361406
Páez;0.000360074
Salguero;0.000359507
Poveda;0.000358907
Arce;0.000358841
Matéu;0.000358841
Brito;0.000358341
Wang;0.000357309
Valles;0.000357142
Piñero;0.000356808
Andrade;0.000356243
Olmo;0.000356109
Hervás;0.000356009
Barranco;0.000355276
Abellán;0.000353344
Quirós;0.000352811
Cabeza;0.000352311
Haro;0.000352278
Giner;0.000351611
Valiente;0.000351245
Souto;0.000350846
Borras;0.000350512
Llopis;0.000349013
Palomino;0.000346747
Bilbao;0.000346548
Yáñez;0.000346547
Garcés;0.000346481
Alvarado;0.000346181
Ahmed;0.000345915
Barceló;0.000345848
Mira;0.000345481
Fuertes;0.000344915
Afonso;0.000344215
Mellado;0.000344049
Laguna;0.000343283
Calle;0.000340817
Osorio;0.000340784
Ribas;0.000340451
Palomares;0.000340318
Molero;0.000339651
Orozco;0.000339385
Carreño;0.000339318
Borja;0.000337985
Castello;0.000336853
Osuna;0.000336553
Del Castillo;0.000336486
Maestre;0.000333988
San José;0.000333621
Castañeda;0.000333421
Prats;0.000330323
Montesinos;0.000329023
Del Pino;0.000328258
Ceballos;0.000327458
Zafra;0.000326791
Mínguez;0.000325692
Bellido;0.000325559
Baeza;0.000325159
Puertas;0.000325026
Vílchez;0.000324726
Olmos;0.000324492
Carreras;0.000323927
Felipe;0.000323693
Gascón;0.000323393
Pareja;0.00032236
Leiva;0.000322328
Sebastián;0.000321894
Vizcaíno;0.000321261
Urbano;0.000320428
Chávez;0.000319829
Luengo;0.000319595
Jaén;0.000319362
Perales;0.000319062
Peris;0.000318463
Zaragoza;0.000317097
Murcia;0.000316497
Bustamante;0.000316363
Montoro;0.000314965
Gago;0.000314664
Campillo;0.000314298
Arcos;0.000313866
Alegre;0.000313198
De Castro;0.0003118
Tejada;0.000311733
Moreira;0.000310566
Casal;0.000310501
Enríquez;0.000310467
Acevedo;0.000309334
Baños;0.000308501
Cañas;0.000308435
Monge;0.000308401
Valera;0.000307435
Ledesma;0.000307169
Fuster;0.000307002
Nadal;0.000305869
Vilar;0.00030577
Sobrino;0.000305169
Tejedor;0.000304637
Sanjuán;0.000304337
Bustos;0.000304303
Seoane;0.000302438
Tello;0.000301738
Ferre;0.000300006
Cazorla;0.000298907
Pallares;0.00029784
Zhang;0.00029754
Vásquez;0.000297408
Salmerón;0.000296607
Rocha;0.000296142
Sarmiento;0.000295375
Conesa;0.000294742
Verdú;0.000294575
Mari;0.000294442
Jerez;0.000294309
Zabala;0.000294142
Ripoll;0.000293876
Ferrando;0.000293476
Jara;0.000292743
Orellana;0.000292743
Veiga;0.000292477
Jordán;0.000292176
Armas;0.000291178
Moro;0.000290677
Barea;0.000290178
Mayor;0.000290178
Fraga;0.000289877
Montiel;0.000289512
Catalá;0.000289278
Sandoval;0.000289145
Báez;0.000288812
Climent;0.000288712
De León;0.000288312
Del Campo;0.000288279
Barrero;0.000288079
Tortosa;0.000287312
Taboada;0.000287246
San Martin;0.000286813
Lobo;0.000286713
Almeida;0.000286613
Arteaga;0.000286013
Bejarano;0.000285714
Ayuso;0.000285347
Prada;0.00028508
Prados;0.000284081
Amorós;0.000283948
Diéguez;0.000283382
Abril;0.000282915
Tamayo;0.000282415
Patiño;0.000282215
Morón;0.000280783
Padrón;0.00028005
Batista;0.00027955
Alvaro;0.000278917
Maya;0.000278318
Peñalver;0.000278317
Barros;0.000277551
Manso;0.000277252
Cerda;0.000276984
Alemán;0.000276919
Infante;0.000276518
Yuste;0.000275519
Galera;0.000274786
Albert;0.000274686
Maroto;0.000274453
Berenguer;0.000273487
Ribera;0.000272553
Machado;0.000272554
Nogales;0.000272554
Pinilla;0.000271122
Jaramillo;0.000270754
Manrique;0.000270622
Mota;0.000270522
Miro;0.000270055
Atienza;0.000269988
Miguez;0.000269722
Pedrosa;0.000269489
Viñas;0.000269223
Diego;0.000268989
Echeverría;0.000268989
Del Olmo;0.000268922
Villaverde;0.000268923
Sampedro;0.000267956
Alves;0.00026739
Canales;0.00026729
Villena;0.000266157
Lucena;0.000265325
Medrano;0.000264991
Teruel;0.000264925
Dueñas;0.000264824
Cifuentes;0.000263393
Echevarría;0.000262959
Novoa;0.000262459
Manzanares;0.000261893
Raya;0.000261193
Úbeda;0.00026096
Ortuño;0.000260927
Ye;0.000260327
Sevillano;0.000260261
Almagro;0.00025986
Mejía;0.000259828
Checa;0.000257761
Ares;0.000257462
Merchán;0.000257396
Lujan;0.000256629
Robledo;0.000256496
Trigo;0.000256162
Francisco;0.000255996
Acedo;0.000255097
Perdomo;0.000254563
De Las Heras;0.000254564
Francés;0.000254364
Morillas;0.000253863
Iniesta;0.000253831
Macia;0.000253531
Bolaños;0.000253364
Hermida;0.000253297
Herreros;0.000253231
España;0.000253198
Segarra;0.000253198
Quevedo;0.000252964
De Diego;0.000252898
Caparros;0.000252764
Puerto;0.000252398
Balaguer;0.000251465
Xu;0.000251232
Montaño;0.000250399
Torre;0.0002503
Matas;0.000250299
Espada;0.000249
Zamorano;0.000248866
Granado;0.000248733
Ibarra;0.000248367
Talavera;0.000247934
Prat;0.0002479
Bernabé;0.000247068
Puerta;0.000247034
Rodríguez;0.000246601
Téllez;0.000246202
Peral;0.000246101
Pina;0.000245868
Mayo;0.000245435
Giraldo;0.000245002
Coronado;0.000244869
Li;0.000244735
Cubero;0.000244669
Toribio;0.000244636
Barbera;0.000244569
Mariño;0.000243969
Tome;0.000243636
Montilla;0.000243569
Bernabéu;0.000242937
Monzón;0.000242903
Lamas;0.00024267
Palacio;0.000242203
Badia;0.000241871
Peiro;0.000241537
Buendía;0.000241404
Sanmartín;0.00024137
Carro;0.000241271
Molinero;0.000241037
Encinas;0.000239672
Lloret;0.000239505
Martorell;0.000238272
Arana;0.000238172
Boix;0.000237573
Saura;0.000237239
Rodenas;0.000237107
Vivas;0.00023594
Parrilla;0.00023574
Melian;0.000235274
Camps;0.000235207
Cervantes;0.000235207
Costas;0.000234475
Mayoral;0.000234307
Valdivia;0.000233742
Coca;0.000233508
Melendez;0.000233475
Hinojosa;0.000232675
Mariscal;0.000232309
Fidalgo;0.000232275
De Los Santos;0.000232009
Tovar;0.000231609
Piqueras;0.000231576
Cañete;0.000231576
Cuellar;0.000231376
Quiles;0.000230843
Pedraza;0.00023041
Fariña;0.000230276
Planas;0.000229644
Acuña;0.00022941
Mir;0.000229311
Narvaez;0.000229243
Revuelta;0.000229011
Zurita;0.000228344
Sepulveda;0.000227745
Carrero;0.000226678
Picazo;0.000226612
Sales;0.000226445
Goñi;0.000226379
Wu;0.000225646
Lema;0.000225545
Gamero;0.000225346
Diallo;0.000225213
Ureña;0.000224613
Parada;0.000223313
Cañadas;0.000223014
Fuente;0.000222814
Rial;0.000222647
Céspedes;0.000222514
Liu;0.000221981
Palau;0.000221948
Mestre;0.000221881
Andújar;0.000221548
Frutos;0.000221548
Gordo;0.000221448
Pop;0.000221448
Pico;0.000221181
Girón;0.000221015
Zhou;0.000220282
Torregrosa;0.000220215
Solana;0.000220115
Sabater;0.000220016
Codina;0.000219715
Rus;0.000219449
Quiroga;0.000219083
Arnau;0.000219016
Álamo;0.000218716
Perera;0.000218549
Amor;0.00021855
Romo;0.000218316
Arellano;0.00021825
Carrascosa;0.000217616
Seguí;0.000217584
Novo;0.000217383
Espinoza;0.000216784
Adán;0.000216551
Riquelme;0.000216483
Guisado;0.000216418
Botella;0.000216317
Viera;0.000216184
Mera;0.000216018
Vilches;0.000214818
Amores;0.000214552
Antolín;0.000214051
Ribes;0.000213653
Calatayud;0.000212919
Oliveira;0.000212786
Vegas;0.000212586
De Dios;0.000212253
Farre;0.000211819
Revilla;0.000211654
Popa;0.000211386
Nevado;0.000211154
Toledano;0.000210953
Chico;0.000210887
Pellicer;0.000210721
Herraiz;0.000210387
Hermoso;0.00021012
Parejo;0.000209954
Caamaño;0.000209022
Cantos;0.000208755
Ramiro;0.000208688
Benavides;0.000208588
Lora;0.000208555
Jaime;0.000208321
Labrador;0.000208289
Jimeno;0.000208255
Quero;0.000208021
Centeno;0.000207989
Neira;0.000207988
Palazón;0.000207822
Nieves;0.000207589
Torralba;0.000207256
Sousa;0.000207089
Alemany;0.000206989
Silvestre;0.000206822
Belda;0.000206023
Yagüe;0.000205989
Sempere;0.000205957
Vaca;0.000205856
Antúnez;0.000205823
Del Moral;0.000205756
Alí;0.000205257
Fonseca;0.00020509
Comas;0.000205057
Vico;0.00020499
Elvira;0.000204757
Sacristán;0.000204157
Rosell;0.000204157
Verdugo;0.000204091
Guardiola;0.00020379
Cordón;0.000203725
Postigo;0.000203324
Flórez;0.000202991
Mansilla;0.000202725
Capdevila;0.000202691
Guevara;0.000202658
Colomer;0.000202558
Guirado;0.000202525
Hoyos;0.000202291
Galiano;0.000201826
Montenegro;0.000201825
Canto;0.000201658
Uriarte;0.000201226
Rio;0.000199893
Feijoo;0.000199493
Rosselló;0.000199459
Megias;0.000199427
Arnaiz;0.000199293
Sans;0.000199226
Cañizares;0.000198894
Berrocal;0.000198527
Cabanillas;0.000198393
Perelló;0.000198127
Llanos;0.000197961
Gisbert;0.000196694
Piña;0.000196362
Figueras;0.000195595
Cristóbal;0.000195562
Espín;0.000194895
Aroca;0.000194863
Trillo;0.000194762
Maza;0.000194496
Gilabert;0.000194329
Smith;0.000193829
Aliaga;0.000192897
Pórtela;0.00019273
Cerdán;0.00019263
Monteagudo;0.000192363
Gabarri;0.000192164
Mañas;0.000191597
Gomes;0.000191331
Cornejo;0.000191297
San Juan;0.000191131
Tudela;0.000191098
Chaparro;0.000190997
Quiñones;0.000190931
Garriga;0.000190898
Seco;0.000189698
Reig;0.000189599
Amado;0.000189531
Amat;0.000189032
Campoy;0.000188999
Meseguer;0.000188466
Torrejón;0.000187832
Julián;0.0001874
Matos;0.0001863
Carpio;0.0001861
Carranza;0.000185934
Mercado;0.000185567
Holgado;0.000185201
Camino;0.000185067
Muriel;0.000184901
Morilla;0.000184834
Oviedo;0.000184668
Castells;0.000184068
Mármol;0.000184035
Bastida;0.000183834
Tejera;0.000183802
San Miguel;0.000183801
Barrientos;0.000183469
Lima;0.000183401
Espino;0.000183135
Valcárcel;0.000183036
Martins;0.000182901
Olivera;0.000182836
Saldaña;0.000182569
Nogueira;0.000182535
Gaspar;0.000182336
Morera;0.000181935
Samper;0.000181603
Julia;0.000181303
Betancor;0.000180903
Plasencia;0.000180803
Casals;0.00018057
Abreu;0.00018047
Paris;0.000179537
Ivanov;0.00017917
Guirao;0.000179104
Cardoso;0.000179071
Gavilán;0.000178937
Lillo;0.000178338
Melgar;0.000177838
Benavente;0.000177372
Barbosa;0.000176738
Ruz;0.000176439
Morato;0.000176372
Florido;0.000176172
Pereda;0.000175806
Ugarte;0.000175373
Ferrera;0.000175372
Chica;0.00017514
Tur;0.000174706
Valderrama;0.00017464
Jorda;0.000174606
Gomis;0.00017454
De Haro;0.000174473
Calzada;0.000174173
Casares;0.000173574
Cueto;0.00017354
Pueyo;0.000173207
Bernardo;0.000172608
Elías;0.000172607
Conejo;0.000172441
Reche;0.000172241
Higueras;0.000172208
Jover;0.000172108
Anaya;0.000171841
Larrea;0.000171608
De La Iglesia;0.000171541
Montalvo;0.000171542
Pajares;0.000171508
Dorta;0.000171308
Urrutia;0.000171208
Vara;0.000171108
Verdejo;0.000171009
Zhu;0.000170975
Ferreras;0.000170541
Fernández;0.000170442
De La Peña;0.000170342
Mérida;0.000170309
Mato;0.000170009
Cabrero;0.000169942
Lorca;0.000169842
Casero;0.000169809
Rius;0.000169676
Salamanca;0.000169543
Gallo;0.000169176
Agullo;0.000169009
Daza;0.000168876
Llorca;0.000168776
Del Amo;0.00016871
Arrieta;0.000168243
Simo;0.000168076
Coello;0.000167977
Cerro;0.000167943
Déniz;0.00016771
Candela;0.000167644
Asenjo;0.000167477
Pagés;0.000167177
Ropero;0.000167144
Briones;0.000166777
Benavent;0.000166644
Matías;0.000166544
Maestro;0.000166511
Casanovas;0.00016641
Aragonés;0.000166378
Palomar;0.000166311
Bayón;0.000165711
Zheng;0.000165478
Albaladejo;0.000165278
Esparza;0.000164245
Monje;0.000164045
Torrado;0.000163979
Garay;0.000163579
Quintanilla;0.000163479
Garmendia;0.000163413
Vilanova;0.000163412
Corbacho;0.000163412
Ferrandez;0.00016308
Puga;0.000162846
Espinar;0.000162812
Iriarte;0.000162713
Cabo;0.000162613
Escalante;0.000162479
De La Vega;0.00016248
Vadillo;0.000162446
Hierro;0.00016228
Sabaté;0.00016198
Martel;0.00016188
Barreto;0.000161879
Bou;0.000161714
Barriga;0.00016158
Pintado;0.000161347
Ayllón;0.00016128
Capilla;0.000161247
Guardia;0.000161247
Salido;0.00016118
Donoso;0.000160947
Rama;0.000160847
Tormo;0.000160714
Zúñiga;0.00016058
Montalbán;0.000160514
Radu;0.000160448
Larrañaga;0.00016038
Pita;0.000160281
Torrent;0.000160048
Blas;0.000159714
Madrigal;0.000159648
Poza;0.000159548
Anguita;0.000159481
Villalobos;0.000159181
De La Calle;0.000159148
Kaur;0.000159115
Val;0.000159081
Miquel;0.000158915
Molla;0.000158615
Milán;0.000158282
Mancebo;0.000158281
Busto;0.000157916
Porcel;0.000157682
De Pablo;0.000157615
Monreal;0.000157583
Piñol;0.000157548
Triviño;0.000157416
De Andrés;0.000157416
Mediavilla;0.000157349
Portero;0.000157182
Carpintero;0.000157049
Gregorio;0.000156949
Ivanova;0.000156417
Amigo;0.000156382
Porta;0.000156217
Buitrago;0.000156116
Zorrilla;0.000155883
